{"cameraMode":{"drawMode":0,"name":"Shaded","section":"Shading Mode"},"sceneLighting":false,"audioPlay":false,"sceneViewState":{"showFog":true,"showMaterialUpdate":false,"showSkybox":false,"showFlares":true,"showImageEffects":true,"showParticleSystems":true,"showVisualEffectGraphs":true,"m_FxEnabled":true},"in2DMode":false,"pivot":{"x":-1.3980982303619385,"y":0.36503279209136965,"z":-12.126598358154297},"rotation":{"x":-0.010627076961100102,"y":0.9896196126937866,"z":-0.10759022831916809,"w":-0.09614848345518112},"size":0.5763790011405945,"orthographic":false}