{"cameraMode":{"drawMode":0,"name":"Shaded","section":"Shading Mode"},"sceneLighting":true,"audioPlay":false,"sceneViewState":{"showFog":true,"showMaterialUpdate":false,"showSkybox":false,"showFlares":true,"showImageEffects":true,"showParticleSystems":true,"showVisualEffectGraphs":true,"m_FxEnabled":true},"in2DMode":false,"pivot":{"x":25.679651260375978,"y":2.4987452030181886,"z":-27.484416961669923},"rotation":{"x":0.0077428012154996399,"y":0.8621801733970642,"z":0.010153795592486859,"w":0.5069574117660523},"size":10.703521728515625,"orthographic":false}