{"cameraMode":{"drawMode":0,"name":"Shaded","section":"Shading Mode"},"sceneLighting":true,"audioPlay":false,"sceneViewState":{"showFog":true,"showMaterialUpdate":false,"showSkybox":false,"showFlares":true,"showImageEffects":true,"showParticleSystems":true,"showVisualEffectGraphs":true,"m_FxEnabled":true},"in2DMode":false,"pivot":{"x":1.9960116147994996,"y":-3.2950997352600099,"z":-43.725486755371097},"rotation":{"x":0.001037985784932971,"y":-0.9976004958152771,"z":0.0677502453327179,"w":0.01525462418794632},"size":22.993188858032228,"orthographic":false}