{"cameraMode":{"drawMode":0,"name":"Shaded","section":"Shading Mode"},"sceneLighting":true,"audioPlay":false,"sceneViewState":{"showFog":true,"showMaterialUpdate":false,"showSkybox":false,"showFlares":true,"showImageEffects":true,"showParticleSystems":true,"showVisualEffectGraphs":true,"m_FxEnabled":true},"in2DMode":false,"pivot":{"x":-4.241802215576172,"y":-9.633675575256348,"z":23.100191116333009},"rotation":{"x":-0.25536274909973147,"y":0.026663482189178468,"z":-0.0070937322452664379,"w":-0.9665102958679199},"size":15.648674964904786,"orthographic":false}