{"cameraMode":{"drawMode":0,"name":"Shaded","section":"Shading Mode"},"sceneLighting":true,"audioPlay":false,"sceneViewState":{"showFog":true,"showMaterialUpdate":false,"showSkybox":false,"showFlares":true,"showImageEffects":true,"showParticleSystems":true,"showVisualEffectGraphs":true,"m_FxEnabled":true},"in2DMode":false,"pivot":{"x":23.83462905883789,"y":-8.05221939086914,"z":26.935758590698243},"rotation":{"x":0.10223522037267685,"y":0.1142430379986763,"z":0.00048574895481579006,"w":0.9884715676307678},"size":26.12384605407715,"orthographic":false}